Michael Jordan Fleer 1988 17/32,"$20,000",BGS 9.5,
Michael Jordan Panini 102,"$17,233",PSA 10,
Michael Jordan Panini 108,$200,PSA 10,
Michael Jordan Panini 12,"$8,999",BGS 9.5,
1992-93 Topps Beam Team,$424,Psa 10,
Michael Jordan 1992-93 Fleer Ultra NBA Jam Session Dunk Rank,$640,PSA10,
FLEER ULTRA 1992 27,$332,PSA10,
FLEER '89 All-Stars 3,$500,PSA 10,
FLEER '90 All Stars 5/12,$999,PSA10,
Michael Jordan SKYBOX SkyMaster,$220,GEM 10,
Michael Jordan Panini G,"$1,000",GEM 9.5,
Michael Jordan Pannini  K,"$4,237",BGS 10,
Michael Jordan Panini 91,"$1,607",PSA 10,
 NBA Hoops Michael Jordan All Star 5,"$7,250",SGC 9.5,
Michael Jordan Topps 50 Point Club 64,$620,PSA 10,
Michael Jordan Topps  50 Point Club 205,$800,PSA 10,
1992 Topps 115 Michael Jordan All Star ,$499,PSA 10,
1992 Topps 115 Michael Jordan All Star ,$499,PSA 10,
Michael Jordan Topps Gold Basketball 3 Highlights,$749,PSA 10,
Upper Deck Collector's Choice Gold Signature #204 Michael Jordan,$999,PSA 9,
Michael Jordan Upper Deck Collector's Choice PlatinumSignature 204 ,"$2,499",PSA 10,
Michael Jordan 1995 Upper Deck Collector's Choice  324,$929,PSA 10,
Michael Jordan NBA Hoops Milestones Ppoints 1991 316,$200,N/a,
1993 Stadium Club Beam Team Members Only Michael Jordan 1,"5,999",PSA 10,
Michael Jordan GEM ITALIAN 1994 Collector Choice 204 ,$900,PSA 10,
1991 Upper Deck Magic vs. Jordan 34,$500,PSA 10,
1991 Skybox Michael Jordan 39,$58,PSA 10,
1993 MICHAEL JORDAN FINEST REFRACTOR 1,"$19,999",PSA 9,
1993 Upper Deck SE Behind The Glass Michael Jordan G11,"$9,995",PSA 10,
UPPER DECK MICHAEL JORDAN A CUT ABOVE CA7,$541,PSA 8.5,
1996-1997 Collectors Choice A Cut Above #CA8 ,$350,PSA 8.5,
1996-1997 Collectors Choice A Cut Above #CA6,$149,PSA 8,
1996-97 MICHAEL JORDAN Upper Deck Greater Heights GH2,$119,PSA 9,
1995/96 SP Championship Michael Jordan Champions of The Court C30,$299,PSA 9,
1995 U.D. SP MICHAEL JORDAN COLLECTION 1988 NBA MVP JC17,$695,PSA 10,
1995 UD He's Back Jumbo Michael Jordan Collection #JC15,$915,PSA 10,
1995 UD Jordan Collection Michael Jordan JC5 ,$109,PSA 9,
1995 U.D. Jordan Collection The Scoring Records Michael Jordan Card JC12,$35,PSA 8,
1995 UPPER DECK JORDAN COLLECTION MICHAEL JORDAN 3000 POINTS JC2,$69,PSA 9,
1995-96 Upper Deck #JC14 Michael Jordan Collection 69 Point ,$140,BGS 9,
MICHAEL JORDAN 1995-96 SP CHAMPIONSHIP JORDAN COLLECTION JC18,$59,BGS 7.5,
Michael Jordan 1991 NBA MVP Card,"$4,500",n/a,
Michael Jordan 1990-91 NBA Hoops 65 ,"$2,200",n/a,
MICHAEL JORDAN 1989-90 89-90 Fleer #21 ,"$4,000",PSA 10,
Skybox Michael Jordan 307,$340,PSA 10,
1991 Hoops MICHAEL JORDAN MVP BULLS 30,"$1,999",PSA 10,
MICHAEL JORDAN 1992-93 Fleer 32,$799,PSA 10,
1992 Upper Deck #23 Michael Jordan,"$1,450",PSA 10,
1992-93 Upper Deck Fanimation MICHAEL JORDAN 506,"$1,200",PSA 10,
1996 1997 Fleer Metal MICHAEL JORDAN Metal Shredders 241,"$2,748",BGS 9.5,
1994-95 Collector's Choice Silver Signature 240 Michael Jordan,$999,BGS 9.5,
1994 COLLECTOR'S CHOICE MICHAEL JORDAN CARD 240,$649,PSA 10,
Michael Jordan 1992 Fleer 273 Mint,$199,PSA 9,
1996-97 Upper Deck Collector's Choice Gold Michael Jordan #R30,$197,BGS 9,
1996-97 Upper Deck Collector's Choice Silver Michael Jordan #R30,$120,BGS 9,
1992 Skybox Michael Jordan USA Basketbal RARE Rookie #38,$499,PSA 10,
1992-93 Topps Stadium Club Members Choice Members Only #210 Michael Jordan,$600,PSA 10,
1992 Fleer Team Leader Michael Jordan #4,"$1,900",PSA 8.5,
1995-96 Collector's Choice He's Back Crash the Game Michael Jordan,$100,PSA 10,
1995-96 collector's choice jordan he's back #m4 michael jordan,$300,BGS 9.5,
MICHAEL JORDAN 1990 HOOPS #358 Team Checklist Last Dance,$700,PSA 10,
1991 UPPER DECK Michael Jordan #75 Chicago Bulls ,$275,PSA10,
1993 Topps  Michael Jordan PSA 8 Chicago Bulls Birthday 23,"$1,100",PSA 10,
1992 Upper Deck Team MVP's Michael Jordan #TM5,$900,PSA 10,
1991-92 Fleer #29 Michael Jordan Bulls ,"$14,000",n/a,
Michael Jordan Card 1991 Fleer #211 Chicago Bulls All Star,"$6,700",n/a,
Michael Jordan All Time Active Leaders 1991,$50,GMA 9,
1991-92 FLEER LEAGUE LEADERS MICHAEL JORDAN #220,"$2,800",n/a,
1991 Fleer MICHAEL JORDAN All Star Game #238,$238,PSA 10,
1991 Fleer Enemies A Love Story All-Star Game Michael Jordan #233,$140,PSA 10,
Michael Jordan 1992 Olympics Team Hoops #341,$300,PSA 9,
1992 - 1993 Upper Deck McDonald's #P5,$120,n/a,
1991 Hoops #455 Michael Jordan Supreme Court ,$400,BGS 9.5,
1991-92 SKYBOX MICHAEL JORDAN VS. MAGIC JOHNSON #333,$600,SGC 9,
Michael Jordan & Scottie Pippen 1991-1992 Skybox #462 Card,$340,PSA 10,
1992 Fleer All-Stars Michael Jordan #6,"$1,700",PSA 10,
1993-94 Skybox Nba Hoops Michael Jordan #28,$95,Mint 9,
MICHAEL JORDAN 1992 SKYBOX NBA HOOPS #SC1 SUPREME COURT,$125,PSA 9,
1992 Hoops Tribune #TR1 Michael Jordan,$199,SGC 10,
1993 U.D. Pro View 3-D #23 Michael Jordan,$500,PSA 10,
MICHAEL JORDAN 90-91 Star Equal #1 THE SILVER SEASON,"$3,000",BGS 9.5,
1992 POP 1 MICHAEL JORDAN SKYBOX USA HOF #41,"$1,300",SGC 10,
1991 Hoops McDonald's USA Michael Jordan #55,$490,PSA 10,
1993 Upper Deck Soccer Honorary Captain Gold Michael Jordan #HC3,"$10,000",PSA 10,
1993 Upper Deck MICHAEL JORDAN #198,$689,PSA 10,
1993-94 Upper Deck Michael Jordan #201,$100,PSA 9,
Michael Jordan #23 Chicago Bulls 1991-92 Upper Deck Guard #44,"$2,320",n/a,
1993 Upper Deck #208 Michael Jordan ,$70,BGS 9,
1996 96-97 Upper Deck Greater Heights Michael Jordan #GH1,$20,n/a,
1995-96 UpperDeck CC Basketball MICHAEL JORDAN PLATINUM PLAYERS CLUB,$400,PSA 8,
1993 - 1994 Upper Deck Michael Jordan Chicago Bulls #23,"$10,000",n/a,
1993-94 Upper Deck Michael Jordan #237,$284,PSA 9,
1993 Hoops #257 Michael Jordan 5th Anniversary,$350,PSA 10,
1993 Hoops #257 Michael Jordan 5th Anniversary,$350,PSA 10,
1991 Hoops Basketball Michael Jordan BULLS # 579 TEAM USA ,"$2,495",PSA 10,
"1994-95 Upper Deck Michael Jordan ""Basketball Heroes"" #43",$17,PSA 7,
Michael Jordan 93/94 Upper Deck Skylights #466,$700,PSA 10,
1993 Michael Jordan Upper Deck #438,$500,PSA 10,
1994 Coll. Choice Basketball Heroes Michael Jordan #211,$91,PSA 9,
1995 Collector’s Choice Int. #195,$437,PSA 10,
1993 UPPER DECK 3RD STRAIGHT #SP4 MICHAEL JORDAN,$120,PSA 9,
1995 Collectors Choice Michael Jordan Players Club Platinum #195,$350,PSA 9,
1994 Upper Deck Collector's Choice #420 Michael Jordan Checklist,$190,PSA 9,
1992 Upper Deck Michael Jordan 453 In Your Face Date Error,"$3,000",BGS 9.5,
1992 Impel Olympicards #12 Michael Jordan,$400,PSA 10,
 1991-92 91-92 Skybox MICHAEL JORDAN Team USA #534,"$2,500",PSA 9,
1992 Skybox MICHAEL JORDAN USA Basketball #45,$589,PSA 10,
1991 92 SKYBOX DREAM TEAM USA BARCELONA SET JORDAN MAGIC 544,$200,BGS 9.5,
1991 92 SKYBOX DREAM TEAM USA BARCELONA SET JORDAN MAGIC 545,$200,BGS 9.5,
1991 92 SKYBOX DREAM TEAM USA BARCELONA SET JORDAN MAGIC 546,$200,BGS 9.5,
1991-92 NBA Hoops Tribune #542 Michael Jordan,$550,n/a,
Michael Jordan 1991 Upper Deck East All Star #69,$800,BGS 10,
1991 92 Upper Deck Michael Jordan EAST ALL STAR #452 ,$40,GEM 10,
1993 TOPPS ALL-STAR MICHAEL JORDAN #101,$380,PSA 10,
1991 Michael Jordan Upper Deck NBA All-Star Card #48,"$2,000",n/a,!
1993-94 Upper Deck Michael Jordan #180,$400,PSA 10,
1993-94 Michael Jordan Upper Deck #187 ,$400,PSA 10,
1993-94 Upper Deck Michael Jordan #193,$284,PSA 10,
"1992 Upper Deck Basketball card, NBA East All Star Team card, #449,",$7,n/a,
1992 UD Michael Jordan Team Mvps Checklist #TM1,$400,PSA 10,
1990 Fleer All-Stars Lot Basketball #5,"$1,800",n/a,
Michael Jordan 1994 95 UD Collector's Choice Silver Foil Signature #402,$500,BGS 9.5,
MICHAEL JORDAN UPPER DECK 1993-94 #171 SEASON LEADERS,$125,CSG 9,
1995 Upper Deck Electric Court #23 Michael Jordan,$570,PSA 9,
1995 Upper Deck MICHAEL JORDAN #23,$635,PSA 10,
1993-94 UD NBA Season Leaders Scoring Michael Jordan 166,$100,n/a,
1995 Topps Stadium Club Members Only Michael Jordan #20,$59,n/a,
1995 Skybox Premium Michael Jordan Electrified,"$4,500",PSA 10,
Michael Jordan Ntense Mint non auto 90's Rare insert,$999,BGS 9,
1996 Skybox Z-Force MICHAEL JORDAN #11 ,$950,SGC 10,
 1996 1997 MICHAEL JORDAN SKYBOX FLEER E-X2000 MJ AIR CHROME,$300,n/a,
 1993-94 Fleer Michael Jordan CHICAGO BULLS #28,$999,PSA 10,
MICHAEL JORDAN 1996-97 NBA HOOPS #176 THE BIG FINISH,$120,SGC 9.5,
MICHAEL JORDAN 1995 TOPPS STADIUM CLUB NEMESES FOIL INSERT,"$1,500",BGS 9.5,
1995-96 Fleer Metal MICHAEL JORDAN Slick Silver,"$1,150",BGS 9.5,
1995 FLEER ULTRA GOLD MEDALLION DOUBLE TROUBLE MICHAEL JORDAN #3,"$3,800",PSA 10,
1995 Topps Power Boosters Michael Jordan #277,"$4,000",PSA 10,
1995-1996 Fleer Ultra Michael Jordan Scoring Kings ,"$1,000",n/a,
1995 Topps Spark Plugs #SP2 Michael Jordan,"$6,000",PSA 10,
1993-94 Topps Finest Basketball Refractor #200 Charles Barkley,$399,n/a,
1996 Topps Chrome Pro Files Michael Jordan #PF-3,$860,PSA 10,
1995 Ultra Jam City Michael Jordan #3,"$2,950",PSA 9,
1996-97 NBA Hoops Head 2 Scottie Pippen Michael Jordan #HH2,$150,PSA 9,
1996 Hoops Michael Jordan Card #335 PSA Mint 9,$284,PSA 9,
1993 Stadium Club Beam Team #4 Michael Jordan ,$799,PSA 9,
96-97 FLEER MICHAEL JORDAN STACKHOUSE'S ALL FLEER,$99,MINT 9,
1995-96 Fleer Metal Card #13 Michael Jordan Silver Spotlight,$499,PSA 9,
1993-94 Ultra Scoring Kings Michael Jordan #5,"$20,000",BGS 9.5,
1996 Skybox Z Force Z-FORCE MICHAEL JORDAN #179,$450,BGS 9.5,
MICHAEL JORDAN 1996 TOPPS STADIUM CLUB #101 ,$480,PSA 10,
MICHAEL JORDAN 1995 SKYBOX NBA HOOPS #AR7 TOP 10 HOLOFOIL INSERT,$800,BGS 9.5,
1995 NBA Hoops #358 - MICHAEL JORDAN,$40,GMA 9,
MICHAEL JORDAN 1996 FLEER METAL # 11 ,$700,PSA 10,
Michael Jordan 1993 Fleer League Leader #224,$300,PSA 10,
MICHAEL JORDAN 1994 UPPER DECK HEROES #45 ,$800,PSA 10,
1996 ULTRA #P280 MICHAEL JORDAN PLATINUM MEDALLION STEP IT UP ,"$3,000",PSA 8,
MICHAEL JORDAN 1996 BOWMAN’S BEST #80 REFRACTOR,"$2,000",BGS 8.5,
1996 Bowman's Best MICHAEL JORDAN #80 ,$670,PSA 10,
1996 SkyBox Premium 16 MICHAEL JORDAN,"$1,499",PSA 10,
1993 HOOPS FACE-TO-FACE FOIL MICHAEL JORDAN #FTF10,$190,PSA 9,
Michael Jordan 1993 Fleer Ultra Inside/Outside #4,$550,BCCG 9,
1993 Fleer Ultra # 30 Michael Jordan,$500,PSA 10,
1995 Collector’s Choice Int. #195 * GERMAN I * Michael Jordan,$437,PSA 10,
1995 Upper Deck CC MICHAEL JORDAN PLATINUM PLAYERS CLUB #45 ,$400,PSA 7,
1995 SKYBOX PREMIUM TRUE ERROR CARD MICHAEL JORDAN #15,$968,PSA 10,
Michael Jordan Card 1993 Upper Deck East All-Star Weekend #425,$79,n/a,
1994 - 1995 Upper Deck SP Championship Die Cut Michael Jordan Bulls #4 ,$250,n.a,
1987 Fleer Sticker Michael Jordan #2,"$16,050",PSA 9,
Michael Jordan PSA 7 Collector Card 1991 NBA Hoops #253,$175,PSA 7,
"1996 Upper Deck Space Jam ""Jordan Lends A Hand"" #60 ","$2,000",PSA 10,
Michael Jordan 1996 Upper Deck 34,$375,BGS 9.5,
Michael Jordan 1996 Upper Deck 34,$375,BGS 9.5,
Michael Jordan 1996 Upper Deck 34,$375,BGS 9.5,
"1996 Upper Deck Space Jam ""Jordan Lends A Hand"" #60 ","$2,000",PSA 10,
Michael Jordan 1997-98 Upper Deck Italian Mini Sticker 205,$350,SGC 9,
1998 Upper Deck Michael Jordan Sticker Collection 15 Shoes 94-95,"$3,599",SGC 10,
Michael Jordan 1992 Skybox NBA Hoops All-Star Weekend #298,$250,PSA 10,
1992 Upper Deck #23 Michael Jordan,$600,PSA 10,
1993 UPPER DECK #510 MICHAEL JORDAN & LARRY BIRD FANIMATION,$399,n/a,
Topps Card LAST DANCE MJ Card 1996 #1 NR,"$1,500",SGC 9.5,
Michael Jordan 98 UD Sticker Collection #133,$800,BGS 10,
1992 Skybox USA Michael Jordan #43,$60,PSA 9,
Michael Jordan MJ P2 Playoff Heroes Guard 1994-95 U D SP Champions,$160,SGC 9.5,
Michael Jordan MJ P2 Playoff Heroes Guard 1994-95 U D SP Champions,$160,SGC 9.5,
1993 Upper Deck MICHAEL JORDAN #237,$280,PSA 9,
1996 UPPER DECK U.S.A OLYMPICARD REFLECTIONS OF GOLD RG1,$130,PSA 8.5,
1995 UPPER DECK RETURN-OF-EXCELLENCE MICHAEL JORDAN #335,$75,PSA 9,
1995 Upper Deck Electric Court Gold Michael Jordan #339,"$3,000",PSA 10,
1995-96 Upper Deck Michael Jordan Q Latifah #341 ELECTRIC COURT,$450,BGS 9.5,
1995-96 Upper Deck Michael Jordan Q Latifah #341 ELECTRIC COURT,$450,BGS 9.5,
1996 Coll. Choice Michael Jordan A Cut Above,$420,PSA 9,
1998 Upper Deck MJ Sticker Collection Michael Jordan #136,$700,BGS 9.5,
MICHAEL JORDAN 1998 UPPER DECK STICKER COLLECTION MJ # 25,$299,BGS 9.5,
MICHAEL JORDAN 1998 UPPER DECK STICKER COLLECTION # 92 ,$299,BGS 9.5,
1995 SP CHAMPIONSHIP SHOTS Die-Cut SILVER #S16 Michael Jordan,"$1,000",PSA 10,
Michael Jordan Jersey 1996-97 UD Collector's Choice A Cut Above #CA10,$195,BGS 8,
Michael Jordan 1996-97 A Cut Above CA5,$139,BGS 8.5,
1996 Collector's Choice A Cut Above Michael Jordan #CA4,$99,BGS 8.5,
Michael Jordan 1996-97 UD Collector's Choice A Cut Above Die-Cut #CA2 ,$100,PSA 9,
1996 Upper Deck Michael Jordan A Cut Above! Card #CA3 ,$100,GEM 10,
1992 Skybox USA MICHAEL JORDAN Chicago Bulls card #40,$349,PSA 10,
1992 Skybox USA Michael Jordan #39,$338,PSA 10,
Michael Jordan 1996 Collectors Choice #23,$647,PSA 10,
1995-96 Upper Deck Electric Court #337 Michael Jordan ,$90,PSA 9,
1995 Upper Deck MICHAEL JORDAN 352 Electric Court,$128,PSA 8,
MICHAEL JORDAN UPPER DECK 1993-94 FINALS #204,$125,CSG 9,
Michael Jordan 96-97 Fleer Ultra #16,$20,n/a,
1996 Upper Deck Michael Jordan #121,$95,MINT 9,
1996 Upperdeck Collectors Choice Sticker Michael Jordan #S30,$600,PSA 10,
MICHAEL JORDAN 1994 Upper Deck 1993 He's Back Reprint 23,$599,PSA 10,
1994 SP SILVER #MJ1 MICHAEL JORDAN HE'S BACK,$350,PSA 9,
Michael Jordan 1996 Collectors Choice #23,$647,PSA 10,
Chicago Bulls 1996 topps commemorative #72,$499,PSA  10,
1996-97 Topps NBA 50th Bulls Commemorative #72 Shiny,$500,PSA 9,
1996-97 Upper Deck SPX Force MICHAEL JORDAN Hardaway Kemp Stoudamire,$450,n/a,
1996-97 Collector’s Choice Mini-Cards M11 Michael Jordan/Hardaway/Kemp,$350,BGS 8,
1993 - 1994 Fleer Ultra Famous Nicknames Michael Jordan Chicago Bulls #7.,$50,n/a,
92-93 FLEER ULTRA MICHAEL JORDAN #4,$199,BGS 9,
1993-94 Upper Deck Chicago Bulls Team Michael Jordan #213 ,$174,PSA 9,
1993-94 Hoops League Leaders Michael Jordan /Malone/Wilkins #283,$499,BGS 9.5,
1993-94 NBA Hoops League Leaders Steals #289 Stockton Jordan,$50,SGC 8.5,
MICHAEL JORDAN 1992 UPPER DECK #488 GAME FACE CARD,$300,BGS 9.5,
1993 Fleer MICHAEL JORDAN Sharpshooter Sharp Shooter #3 ,$530,PSA 10,
Michael Jordan 1993-94 #199 Reigning Playoff MVP,$200,SGC 10,
 MICHAEL JORDAN 1993-94 Stadium Club Members Only #1,$500,PSA 10,
1992-93 Upper Deck Michael Jordan Jerry West Selects #JW9 ,$40,BCCG 9,
1993 Fleer NBA Superstars Michael Jordan #7,$800,PSA 10,
1991-92 SKYBOX MICHAEL JORDAN FINALS #334,$379,SGC 9.5,
Michael Jordan MINT NBA HOOPS #382 Chicago Bull INVEST Last Dance,$249,PSA 9,
1991 Skybox #337 Bulls Starting Five with Michael Jordan,$200,PSA 8.5,
1992-93 NBA Hoops Michael Jordan Karl Malone #320 ,$80,PSA 8,
1992 Hoops #269 Chicago Bulls W/ MICHAEL JORDAN Graded,$49,GMA 10,
1993-94 NBA Hoops Michael Jordan Supreme Court #SC11 ,$25,n/a,
1990-91 NBA Hoops Michael Jordan Super Streaks & Magic Johnson,$100,BCCG 10,
1993-94 Fleer Living Legends #4 - Michael Jordan ,$70,n/a,
1995-96 UD COLLECTOR'S CHOICE PLAYER'S CLUB PLATINUM MICHAEL JORDAN #210,$100,n/a,
1995 Collectors Choice Michael Jordan Int. GERMAN I Michael #20,$500,PSA 10,
1995 Collector's Choice International French 1 Michael Jordan #195,$400,PSA 10,
 ITALIAN 1995 Collector's Choice #114 Michael Jordan,$500,PSA 10,
1992 Upper Deck Michael Jordan Jerry West Selects #JW1 ,$20,PSA 7,
1995 Upper Deck Predictor Player Of The Week Redemption Michael Jordan,$180,PSA 9,
1995 Upper Deck Predictor Michael Jordan #R4 ,$300,PSA 10,
"MICHAEL JORDAN 1995/1996 UPPER DECK "" PREDICTOR "" #R3",$20,n/a,
"1995 Upper Deck Predictor #R4, Michael Jordan, player of the month",$300,PSA 9,
1995-96 Upper Deck Collector's Choice Platinum #353 Michael Jordan,$350,PSA 9,
1996-97 Upper Deck SP Gold Foil Championship Series Michael Jordan,$100,n/a,
1996-97 Upper Deck Greater Heights Michael Jordan #GH8,$58,n/a,
Michael Jordan 1996 Upper Deck Greater Heights Card # GH6 ,$48,PSA 7,
1995 Upper Deck Predictor Player Of The Week Redemption Michael Jordan,"$2,000",PSA 10,
1992 UPPER DECK #453 MICHAEL JORDAN CORR-CHAMP. 87-88 ,$800,PSA 9,
1994 Collector's Choice #240 Michael Jordan,$189,PSA 9,
1996 Upper Deck Collectors Choice Michael Jordan/ V. Divac #25,$299,PSA 10,
1996-97 Michael Jordan UD Collector's Choice #26,$89,BCCG 10,
1994 Collector's Choice / Dr. Dunk #402 - MICHAEL JORDAN - ,$250,PSA 10,
1994 Collector's Choice / Dr. Dunk #402 - MICHAEL JORDAN - ,$250,PSA 10,
1996 Upper Deck US Olympic Moments #11 - MICHAEL JORDAN,$349,PSA 9,
1996 Upper Deck USA American Made Leadership Die-Cut Michael Jordan #M4,$113,PSA 10,
"Michael Jordan, 1995-96 Upper Deck Slams & Jams #352 ",$225,PSA 10,
MICHAEL JORDAN UPPER DECK 1995-96 #339 MAJOR ATTRACTIONS,$70,CSG 9,
Michael Jordan Card 1993 Upper Deck East All-Star Weekend #425,$40,n/a,
1992-1993 92-93 UPPER DECK UD ALL DIVISION #AD9 MICHAEL,$129,FSG 10,
1996 Michael Jordan Topps # 277 Basketball Card,$15,n/a,
Michael Jordan Hoops 1996 NBA Hoops #20,$100,PSA 9,
1992 Michael Jordan UPPER DECK ALL-NBA #AN1,$99,PSA 6,
1996 Topps NBA Stars Michael Jordan #124,$300,PSA 10,
1996 Topps Stars #24 MICHAEL JORDAN,$350,BGS 9.5,
1992-93 UPPER DECK MICHAEL JORDAN CARD #67,$250,PSA 10,
1996 Topps NBA At 50 Michael Jordan #139 ,"$5,000",BGS 9.5,
1996 MICHAEL JORDAN HOF TOPPS #139,$999,BCCG 10,
1993 Upper Deck All-NBA Michael Jordan #AN4 Basketball Chicago Bulls ,$149,PSA 9,
1993-94 Upper Deck Mr June Michael Jordan #MJ1 ,$114,BGS 9,
1996 Fleer Basketball Michael Jordan #123,$435,PSA 10,
1996 Fleer Basketball Michael Jordan #323 ,$25,SGC 8.5,
1993 Skybox Premium Michael Jordan #14 ,$600,PSA 10,
1993-94 SkyBox Premium #45 Michael Jordan,$350,GMA 8.5,
1992-93 MICHAEL JORDAN and SCOTTIE PIPPEN Scoring Threats #62,"$1,800",PSA 10,
1994 Upper Deck Collector's Choice International German Michael Jordan #216,$120,n/a,
1995-96 Upper Deck Prize Predictor Scoring Leader Michael Jordan #H2 ,$120,BGS 9,
1995-96 Upper Deck Prize Predictor Scoring Leader Michael Jordan #H1,$120,BGS 9,
1995-96 UPPER DECK MICHAEL JORDAN PREDICTOR CARD #R2,$160,n/a,
1995 Upper Deck Collectors Choice Michael Jordan #353,$350,GMA 10,
1992-93 Fleer Ultra #27 Michael Jordan,$350,BGS 9.5,
1992-93 Fleer Ultra #27 Michael Jordan,$350,BGS 9.5,
1992 Upper Deck #23 Michael Jordan,"$1,450",PSA 10,
1992 - 1993 Upper Deck McDonald's #P5 Michael Jordan Chicago Bulls,$120,n/a,
1992-93 Fleer Slam Dunk Michael Jordan #273,$100,PSA 9,
1993 Fleer Ultra # 30 Michael Jordan,$499,PSA 10,
1995 Collector's Choice #210 - MICHAEL JORDAN,$44,PSA 9,
1995 Collector's Choice #210 - MICHAEL JORDAN,$44,PSA 9,
Michael Jordan 1995 Collectors Choice CHECKLIST 311-410 #410,$149,PSA 10,
Michael Jordan 1995 Collectors Choice CHECKLIST 311-410 #410,$149,PSA 10,
"1995 Collectors Choice ""He's Back"" #M5 MICHAEL JORDAN",$210,PSA 10,
1996-97 Topps Stadium Club Golden Moments #GM3 Michael Jordan Rodman ,$199,BGS 9.5,
1995-96 FLEER ULTRA GOLD MEDALLION MICHAEL JORDAN #25,$119,n/a,
Michael Jordan 1996 Topps Golden Season #74,$220,PSA 10,
1996 Fleer Basketball Michael Jordan #13,$197,BGS 9.5,
1996 Upper Deck Jordan Greater Heights Michael Jordan #GH7,$56,BGS 9,
1992-93 Skybox Michael Jordan #314,$200,PSA 10,
1995-1996 Topps Stadium Club SS1 Michael Jordan,$200,PSA 10,
1993 Skybox Michael Jordan vs Drexler Card #SS11 ,$69,PSA 9,
1995 Topps Top Flight Michael Jordan #TF1,"$1,295",PSA 10,
1993 Upper Deck Locker Talk Michael Jordan # LT1,$97,BGS 8.5,
1995-96 Fleer Total D #3 Michael Jordan Chicago Bulls,$321,PSA 10,
Michael Jordan 1995 Topps #1 Active Leader,$275,PSA 10,
1995-96 TOPPS MICHAEL JORDAN #4 ACTIVE LEADER STEALS,$48,SGC 10,
Michael Jordan 1993-94 Topps Stadium Club 1994 NBA Finals Stamp #181,$27,n/a,
1995-96 NBA Hoops Number Crunchers #1 Michael Jordan Bulls ,$787,PSA 10,
1995 Topps Stadium Club Michael Jordan #1,$300,PSA 10,
MICHAEL JORDAN 1996 UPPER DECK SP #23,$99,PSA 9,
1996 COLLECTOR'S CHOICE #370 MICHAEL JORDAN-SCOTTIE PIPPEN,$104,PSA 10,
Michael Jordan METAL Scoring Magnets Last Dance INSERT High End 1995,"$2,769", PSA 8,
1992 Skybox Olympic Team Michael Jordan #USA11,$990,BGS 9.5,
1993 Upper Deck SE Retirement Michael Jordan #MJR1,"$3,200",PSA 10,
"Michael Jordan 1994 UD Jordan Heroes 1984 1992 ""Good as GOLD"" #42 ",$499,PSA 10,
1994 UD JORDAN HEROES #39 MICHAEL JORDAN,$499,PSA 10,
1994 UD Jordan Heroes Michael Jordan,$104,PSA 9,
1996 UPPER DECK EXCELLENCE MICHAEL JORDAN DAVID ROBINSON #165,$191,PSA 10,
2002 FLEER PLATINUM #91 MICHAEL JORDAN WIZARDS,$202,PSA 10,
1995 U.D. Collector's Choice MICHAEL JORDAN SPANISH #169,$568,PSA 10,
1996 Collector's Choice International German Michael Jordan #195,$69,PSA 9,
96 UPPER DECK UD JORDAN PIPPEN RODMAN #139 ,$152,PSA 10,
1993-94 Shaquille O'Neal Fleer Ultra Scoring Kings,$300,PSA 8,
1993-94 Fleer Ultra Charles Barkley Scoring Kings #1 Suns,$264,PSA 9,
1993 Ultra Scoring Kings Patrick Ewing #3,$188,PSA 9,
1993-94 Ultra Scoring Kings #2 Joe Dumars,$54,n/a,
1993 Fleer Ultra Scoring Kings Karl Malone ,$175,PSA 9,
Larry Johnson 1993-1994 Fleer Ultra Scoring Kings,$85,n/a,
1993-94 Fleer Ultra Scoring Kings Alonzo Mourning #7,$80,PSA 8,
1993 David Robinson Scoring Kings Fleer Ultra #9 ,$80,PSA 8,
1993-94 Fleer Ultra Scoring Kings #10 Dominique Wilkins ,$83,PSA 8,
1995 UPPER DECK #335 MICHAEL JORDAN BULLS,$224,PSA 10,
1995-96 Upper Deck Michael Jordan Slams & Jams #352,$325,PSA 10,
Michael Jordan 1995-96 Upper Deck Electric Court GOLD Parallel #337,$160,n/a,
MICHAEL JORDAN 1993-94 Fleer Ultra #30 ,$450,PSA 10,
1996 Upper Deck Basketball Michael Jordan #16,$305,PSA 10,
1995-96 Upper Deck SP Michael Jordan Gold Promo #23,$49,n/a,
1994-1995 Michael Jordan Chicago Bulls Upper Deck #359,$29,PSA 9,
1995 Michael Jordan Upper Deck SP Championship He's Back #41,$20,SGC 9.5,
1993 Upper Deck Seven Straight #SP3 Michael Jordan / Chamberlain ,$103,PSA 10,
Michael Jordan 1996 Collector's Choice SPANISH #C30,$299,PSA 10,
Michael Jordan 1996 Collector's Choice SPANISH #C30,$299,PSA 10,
Michael Jordan 1996 Collectors Choice Crash The Game SILVER #C30,$50,PSA 9,
1996 Upper Deck Champions of the Court Michael Jordan DIE CUT #C30 ,$447,BGS 8.5,
1994 Upper Deck USA Basketball Michael Jordan #85,$570,PSA 10,
1997-98 Skybox Premium Set Break #247 Michael Jordan,$16,n/a,
Michael Jordan 1996 Topps Gallery The Masters #10,$27,n/a,
1993-94 Fleer Ultra #30 Michael Jordan Chicago Bulls,$350,PSA 10,
1994 Coll. Choice Basketball Heroes Michael Jordan #215,$20,PSA 8,
1996 96-97 Upper Deck Greater Heights Michael Jordan #GH4,$20,n/a,
1996 Upper Deck Michael Jordan #FB23 Fast Break Connection,$250,PSA 9,
1995 Upper Deck Jordan Collection Checklist Michael Jordan #JC4 ,$127,PSA 10,
1995 UD Jordan Collection Michael Jordan Bulls #JC10 ,$150,PSA 7,
1995 UD Jordan Collection #JC11 MICHAEL JORDAN,$55,PSA 9,
1995 UD #JC13 ** Michael Jordan ** 1986 G-PARTY INVESTMENT,$249,PSA 10,
1995-96 Collector's Choice Jordan Collection #JC9 Michael Jordan,$54,BGS 9,
1995 upper deck Michael Jordan NM-MT Coll. Choice Int’L collection #JC3,$25,PSA 8,
1995-96 NBA Hoops #21 Michael Jordan Chicago Bulls,$224,PSA 10,
1994-95 Upper Deck Basketball Heroes Michael Jordan #JH,$33,PSA 9,
1994-95 UPPER DECK #214 MICHAEL JORDAN 1985 ROY,$29,GMA 9,
1994 Upper Deck Collectors Choice Int'l German Michael Jordan #218,$34,PSA 8.5,
MICHAEL JORDAN 1994 COLLECTOR'S CHOICE SILVER SIGNATURE #23 ,$699,PSA 10,
1994 Collectors Choice Michael Jordan #23 Rookie RC,$600,PSA 10,
1995 Upper Deck Basketball Michael Jordan #341,$167,PSA 10,
1995-96 Upper Deck Electric Court Gold Michael Jordan #341,$124,n/a,
KOBE BRYANT 1999-00 UD UPPER DECK RETRO #8 LOS ANGELES LAKERS,$560,PSA 10,
1999 Allen Iverson Upper Deck Retro Basketball,$300,PSA 10,
1999-00 Upper Deck Retro MICHAEL JORDAN Gold Parallel /250 ,$299,n/a,
1995 Upper Deck Jordan Collection #JC16 Michael Jordan,$60,PSA 9,
1999-00 Upper Deck Retro MICHAEL JORDAN Gold Parallel /250,$299,n/a,
1999 Michael Jordan Upper Deck NBA Old School #/500,$165,n/a,
1999 Upperdeck Wilt Chamberlain Retro GOLD,$56,PSA 9,
"1995 Collectors Choice ""He's Back"" #M1 MICHAEL JORDAN ",$56,PSA 9,
1997 Fleer Michael Jordan #23 ,"$1,000",PSA 9,
1997 Fleer Michael Jordan #23 ,$600,PSA 9,
1995 Upper Deck #273 Kevin Garnett Timberwolves RC Rookie,$359,n/a,
1995 Upper Deck #273 Kevin Garnett Timberwolves RC Rookie,$359,n/a,
1995 Upper Deck #273 Kevin Garnett Timberwolves RC Rookie,$359,n/a,
1995 Upper Deck #273 Kevin Garnett Timberwolves RC Rookie,$359,n/a,
1995 Upper Deck #273 Kevin Garnett Timberwolves RC Rookie,$359,n/a,
1995 Upper Deck #273 Kevin Garnett Timberwolves RC Rookie,$359,n/a,
1995 Upper Deck #273 Kevin Garnett Timberwolves RC Rookie,$359,n/a,
1995 Upper Deck #273 Kevin Garnett Timberwolves RC Rookie,$359,n/a,
1995 Upper Deck #273 Kevin Garnett Timberwolves RC Rookie,$359,n/a,
1995 Upper Deck #273 Kevin Garnett Timberwolves RC Rookie,$359,n/a,
1995 Upper Deck #273 Kevin Garnett Timberwolves RC Rookie,$359,n/a,
1996 Upper Deck USA Die-Cut SP CAREER HIGHLIGHTS Foil Shaquille O'Neal,$119,PSA 10,
1995 Upper Deck #273 Kevin Garnett Timberwolves RC Rookie,$359,n/a,
1995 Upper Deck #273 Kevin Garnett Timberwolves RC Rookie,$359,n/a,
1995 Upper Deck #273 Kevin Garnett Timberwolves RC Rookie,$359,n/a,
1995 Upper Deck #273 Kevin Garnett Timberwolves RC Rookie,$359,n/a,
1995 Upper Deck #273 Kevin Garnett Timberwolves RC Rookie,$359,n/a,
1992 Fleer Michael Jordan #246 ,$84,PSA 9,
1995 Upper Deck #273 Kevin Garnett Timberwolves RC Rookie,$359,n/a,
1995 Upper Deck #273 Kevin Garnett Timberwolves RC Rookie,$359,n/a,
1995 Upper Deck #273 Kevin Garnett Timberwolves RC Rookie,$359,n/a,
1995 Upper Deck #273 Kevin Garnett Timberwolves RC Rookie,$359,n/a,
1995 Upper Deck #273 Kevin Garnett Timberwolves RC Rookie,$359,n/a,
1995 Upper Deck #273 Kevin Garnett Timberwolves RC Rookie,$359,n/a,
1995 Upper Deck #273 Kevin Garnett Timberwolves RC Rookie,$359,n/a,
1995 Upper Deck #273 Kevin Garnett Timberwolves RC Rookie,$359,n/a,
1995 Upper Deck #273 Kevin Garnett Timberwolves RC Rookie,$359,n/a,
1995 Upper Deck #273 Kevin Garnett Timberwolves RC Rookie,$359,n/a,
1995 Upper Deck #273 Kevin Garnett Timberwolves RC Rookie,$359,n/a,
1995 Upper Deck #273 Kevin Garnett Timberwolves RC Rookie,$359,n/a,
1995 Upper Deck #273 Kevin Garnett Timberwolves RC Rookie,$359,n/a,
1995 Upper Deck #273 Kevin Garnett Timberwolves RC Rookie,$359,n/a,
1995 Upper Deck #273 Kevin Garnett Timberwolves RC Rookie,$359,n/a,
Fleer Basektball '89 Michael Jordan Guard All Stars Sticker #3,$15,n/a,
1989 Fleer Earvin Magic Johnson Card #77,$38,PSA 8,
1989 NBA Hoops #270 Earvin Magic Johnson,$40,PSA 9,
1990 SKYBOX MAGIC JOHNSON #138,$90,PSA 9,
1992-93 Topps Gold Magic Johnson All Star Parallel #126 ,$30,n/a,
 1992 Topps All-Star Larry Bird # 100,$13,PSA 8,
1995 Upper Deck #273 Kevin Garnett Timberwolves RC Rookie,$359,n/a,
1995 Upper Deck #273 Kevin Garnett Timberwolves RC Rookie,$359,n/a,
1995 Upper Deck #273 Kevin Garnett Timberwolves RC Rookie,$359,n/a,
1995 Upper Deck #273 Kevin Garnett Timberwolves RC Rookie,$359,n/a,
1995 Upper Deck #273 Kevin Garnett Timberwolves RC Rookie,$359,n/a,
1995 Upper Deck #273 Kevin Garnett Timberwolves RC Rookie,$359,n/a,
1995 Upper Deck #273 Kevin Garnett Timberwolves RC Rookie,$359,n/a,
1995 Upper Deck #273 Kevin Garnett Timberwolves RC Rookie,$359,n/a,
1995 Upper Deck #273 Kevin Garnett Timberwolves RC Rookie,$359,n/a,
Kevin Garnett 1995-96 Upper Deck#275 Collectors Choice Rookie,$69,BGS 9,
Larry Bird 1991 Fleer 1991 #8,$85,BGS 9.5,
1987 fleer basketball Charles Oakley #79,$45,PSA 9,
,"$394,306",